image,gt,prediction
Abormality_crop_0003.jpg,abormality,abormality
Abormality_crop_0015.jpg,abormality,mildew
Abormality_crop_0021.jpg,abormality,abormality
Abormality_crop_0038.jpg,abormality,mildew
Abormality_crop_0061.jpg,abormality,curl
Abormality_crop_0064.jpg,abormality,mildew
Abormality_crop_0072.jpg,abormality,abormality
Abormality_crop_0075.jpg,abormality,spot
Abormality_crop_0088.jpg,abormality,spot
Abormality_crop_0093.jpg,abormality,blight
Abormality_crop_0097.jpg,abormality,spot
Blight_crop_0005.jpg,blight,blight
Blight_crop_0013.jpg,blight,blight
Blight_crop_0015.jpg,blight,blight
Blight_crop_0028.jpg,blight,mildew
Blight_crop_0029.jpg,blight,blight
Blight_crop_0041.jpg,blight,blight
Blight_crop_0042.jpg,blight,blight
Blight_crop_0044.jpg,blight,curl
Blight_crop_0045.jpg,blight,blight
Blight_crop_0052.jpg,blight,blight
Blight_crop_0071.jpg,blight,blight
Blight_crop_0084.jpg,blight,blight
Blight_crop_0131.jpg,blight,blight
Blight_crop_0134.jpg,blight,blight
Blight_crop_0143.jpg,blight,blight
Blight_crop_0163.jpg,blight,blight
Blight_crop_0171.jpg,blight,blight
Blight_crop_0185.jpg,blight,blight
Blight_crop_0187.jpg,blight,blight
Blight_crop_0201.jpg,blight,blight
Blight_crop_0207.jpg,blight,blight
Blight_crop_0216.jpg,blight,blight
Blight_crop_0222.jpg,blight,blight
Blight_crop_0231.jpg,blight,blight
Blight_crop_0243.jpg,blight,blight
Blight_crop_0285.jpg,blight,blight
Blight_crop_0289.jpg,blight,blight
Blight_crop_0291.jpg,blight,blight
Blight_crop_0293.jpg,blight,blight
Brown Spot_crop_0012.jpg,brownspot,mildew
Brown Spot_crop_0023.jpg,brownspot,rust
Brown Spot_crop_0028.jpg,brownspot,brownspot
Brown Spot_crop_0033.jpg,brownspot,rust
Brown Spot_crop_0035.jpg,brownspot,rust
Brown Spot_crop_0047.jpg,brownspot,rust
Brown Spot_crop_0048.jpg,brownspot,rust
Brown Spot_crop_0062.jpg,brownspot,mildew
Brown Spot_crop_0072.jpg,brownspot,brownspot
Brown Spot_crop_0086.jpg,brownspot,rust
Brown Spot_crop_0088.jpg,brownspot,rust
Curl_crop_0011.jpg,curl,curl
Curl_crop_0017.jpg,curl,curl
Curl_crop_0024.jpg,curl,curl
Curl_crop_0032.jpg,curl,curl
Curl_crop_0055.jpg,curl,curl
Curl_crop_0070.jpg,curl,mildew
Curl_crop_0073.jpg,curl,curl
Curl_crop_0075.jpg,curl,curl
Curl_crop_0090.jpg,curl,mildew
Curl_crop_0094.jpg,curl,curl
Healthy_crop_0013.jpg,healthy,healthy
Healthy_crop_0019.jpg,healthy,healthy
Healthy_crop_0025.jpg,healthy,healthy
Healthy_crop_0037.jpg,healthy,healthy
Healthy_crop_0039.jpg,healthy,healthy
Healthy_crop_0069.jpg,healthy,healthy
Healthy_crop_0074.jpg,healthy,healthy
Healthy_crop_0075.jpg,healthy,healthy
Healthy_crop_0076.jpg,healthy,healthy
Healthy_crop_0099.jpg,healthy,healthy
Healthy_crop_0105.jpg,healthy,healthy
Healthy_crop_0122.jpg,healthy,healthy
Healthy_crop_0146.jpg,healthy,healthy
Healthy_crop_0151.jpg,healthy,healthy
Healthy_crop_0163.jpg,healthy,healthy
Healthy_crop_0183.jpg,healthy,healthy
Healthy_crop_0187.jpg,healthy,healthy
Healthy_crop_0190.jpg,healthy,healthy
Healthy_crop_0192.jpg,healthy,healthy
Healthy_crop_0196.jpg,healthy,healthy
Healthy_crop_0217.jpg,healthy,healthy
Healthy_crop_0227.jpg,healthy,healthy
Healthy_crop_0233.jpg,healthy,healthy
Healthy_crop_0235.jpg,healthy,healthy
Healthy_crop_0249.jpg,healthy,healthy
Healthy_crop_0265.jpg,healthy,healthy
Healthy_crop_0268.jpg,healthy,healthy
Healthy_crop_0279.jpg,healthy,healthy
Healthy_crop_0286.jpg,healthy,healthy
Healthy_crop_0292.jpg,healthy,healthy
Healthy_crop_0296.jpg,healthy,healthy
Healthy_crop_0314.jpg,healthy,healthy
Healthy_crop_0326.jpg,healthy,healthy
Mildew_crop_0003.jpg,mildew,mildew
Mildew_crop_0008.jpg,mildew,mildew
Mildew_crop_0013.jpg,mildew,mildew
Mildew_crop_0039.jpg,mildew,mildew
Mildew_crop_0056.jpg,mildew,mildew
Mildew_crop_0067.jpg,mildew,healthy
Mildew_crop_0078.jpg,mildew,mildew
Mildew_crop_0083.jpg,mildew,mildew
Mildew_crop_0101.jpg,mildew,mildew
Mildew_crop_0109.jpg,mildew,mildew
Mildew_crop_0111.jpg,mildew,mildew
Mildew_crop_0113.jpg,mildew,mildew
Mildew_crop_0126.jpg,mildew,healthy
Mildew_crop_0127.jpg,mildew,healthy
Mildew_crop_0145.jpg,mildew,mildew
Mildew_crop_0150.jpg,mildew,mildew
Mildew_crop_0154.jpg,mildew,mildew
Mildew_crop_0180.jpg,mildew,mildew
Mildew_crop_0187.jpg,mildew,mildew
Mildew_crop_0198.jpg,mildew,mildew
Mildew_crop_0202.jpg,mildew,mildew
Mildew_crop_0212.jpg,mildew,mildew
Mildew_crop_0216.jpg,mildew,mildew
Mildew_crop_0226.jpg,mildew,mildew
Mildew_crop_0228.jpg,mildew,healthy
Mildew_crop_0236.jpg,mildew,mildew
Mildew_crop_0239.jpg,mildew,mildew
Mildew_crop_0274.jpg,mildew,healthy
Mildew_crop_0290.jpg,mildew,mildew
Mildew_crop_0292.jpg,mildew,mildew
Mildew_crop_0294.jpg,mildew,mildew
Mildew_crop_0303.jpg,mildew,mildew
Mildew_crop_0314.jpg,mildew,mildew
Rust_crop_0008.jpg,rust,rust
Rust_crop_0018.jpg,rust,rust
Rust_crop_0029.jpg,rust,rust
Rust_crop_0030.jpg,rust,rust
Rust_crop_0049.jpg,rust,rust
Rust_crop_0063.jpg,rust,rust
Rust_crop_0078.jpg,rust,rust
Rust_crop_0093.jpg,rust,virus
Rust_crop_0103.jpg,rust,rust
Rust_crop_0110.jpg,rust,rust
Rust_crop_0114.jpg,rust,virus
Rust_crop_0115.jpg,rust,rust
Rust_crop_0129.jpg,rust,brownspot
Rust_crop_0141.jpg,rust,rust
Rust_crop_0158.jpg,rust,rust
Rust_crop_0168.jpg,rust,rust
Rust_crop_0173.jpg,rust,rust
Rust_crop_0178.jpg,rust,rust
Rust_crop_0202.jpg,rust,rust
Rust_crop_0211.jpg,rust,brownspot
Rust_crop_0221.jpg,rust,brownspot
Rust_crop_0222.jpg,rust,brownspot
Rust_crop_0231.jpg,rust,rust
Rust_crop_0257.jpg,rust,brownspot
Rust_crop_0262.jpg,rust,brownspot
Rust_crop_0263.jpg,rust,brownspot
Rust_crop_0265.jpg,rust,brownspot
Smut_crop_0005.jpg,smut,smut
Smut_crop_0008.jpg,smut,smut
Smut_crop_0021.jpg,smut,smut
Smut_crop_0022.jpg,smut,smut
Smut_crop_0027.jpg,smut,smut
Smut_crop_0038.jpg,smut,smut
Smut_crop_0069.jpg,smut,smut
Spot_crop_0034.jpg,spot,brownspot
Spot_crop_0037.jpg,spot,virus
Spot_crop_0046.jpg,spot,blight
Spot_crop_0065.jpg,spot,rust
Spot_crop_0068.jpg,spot,blight
Spot_crop_0103.jpg,spot,blight
Spot_crop_0108.jpg,spot,blight
Spot_crop_0120.jpg,spot,blight
Spot_crop_0121.jpg,spot,blight
Spot_crop_0123.jpg,spot,mildew
Spot_crop_0133.jpg,spot,blight
Spot_crop_0141.jpg,spot,blight
Spot_crop_0153.jpg,spot,blight
Spot_crop_0158.jpg,spot,brownspot
Spot_crop_0160.jpg,spot,blight
Spot_crop_0170.jpg,spot,blight
Spot_crop_0173.jpg,spot,blight
Spot_crop_0176.jpg,spot,blight
Spot_crop_0221.jpg,spot,brownspot
Spot_crop_0227.jpg,spot,mildew
Spot_crop_0237.jpg,spot,spot
Spot_crop_0242.jpg,spot,brownspot
Spot_crop_0247.jpg,spot,brownspot
Spot_crop_0249.jpg,spot,blight
Spot_crop_0253.jpg,spot,spot
Virus_crop_0008.jpg,virus,brownspot
Virus_crop_0009.jpg,virus,mildew
Virus_crop_0015.jpg,virus,mildew
Virus_crop_0022.jpg,virus,mildew
Virus_crop_0046.jpg,virus,mildew
Virus_crop_0072.jpg,virus,mildew
Virus_crop_0084.jpg,virus,mildew
Virus_crop_0092.jpg,virus,mildew
Virus_crop_0093.jpg,virus,mildew
Virus_crop_0095.jpg,virus,mildew
Virus_crop_0117.jpg,virus,mildew
Virus_crop_0145.jpg,virus,virus
Virus_crop_0147.jpg,virus,mildew
Virus_crop_0153.jpg,virus,mildew
Virus_crop_0157.jpg,virus,mildew
Virus_crop_0174.jpg,virus,mildew
Virus_crop_0175.jpg,virus,mildew
Virus_crop_0181.jpg,virus,mildew
Virus_crop_0195.jpg,virus,mildew
Virus_crop_0205.jpg,virus,mildew
Virus_crop_0208.jpg,virus,mildew
Virus_crop_0209.jpg,virus,mildew
Virus_crop_0228.jpg,virus,mildew
Virus_crop_0271.jpg,virus,mildew
Virus_crop_0273.jpg,virus,healthy
Virus_crop_0277.jpg,virus,mildew
Virus_crop_0280.jpg,virus,mildew
Virus_crop_0281.jpg,virus,healthy
Virus_crop_0285.jpg,virus,healthy
Virus_crop_0309.jpg,virus,mildew
Virus_crop_0340.jpg,virus,abormality
Virus_crop_0344.jpg,virus,mildew
Virus_crop_0349.jpg,virus,mildew
Virus_crop_0366.jpg,virus,mildew
Virus_crop_0372.jpg,virus,mildew
Virus_crop_0378.jpg,virus,mildew
Virus_crop_0382.jpg,virus,mildew
Virus_crop_0387.jpg,virus,mildew
Virus_crop_0397.jpg,virus,mildew
Virus_crop_0422.jpg,virus,mildew
Virus_crop_0430.jpg,virus,mildew
Virus_crop_0439.jpg,virus,mildew
Virus_crop_0445.jpg,virus,rust
Virus_crop_0447.jpg,virus,mildew
Virus_crop_0451.jpg,virus,mildew
Virus_crop_0453.jpg,virus,mildew
Virus_crop_0459.jpg,virus,mildew
Virus_crop_0468.jpg,virus,mildew
Virus_crop_0475.jpg,virus,mildew
